{
  "@type": "dcat:Dataset",
  "accessLevel": "public",
  "accrualPeriodicity": "R/PT1S",
  "contactPoint": {
    "fn": "Jane Doe",
    "hasEmail": "mailto:data.admin@example.com"
  },
  "description": "This table contains the estimated percent of California adults (18 and older) with lifetime and current asthma (asthma prevalence), by year.",
  "distribution": [
    {
      "identifier": "1234abcd",
      "data": {
        "@type": "dcat:Distribution",
        "downloadURL": "http://dkan.localtest.me/sites/default/files/distribution/95f8eac4-fd1f-4b35-8472-5c87e9425dfa/asthma-prevalence-adults-by-year-1945-to-1999.csv",
        "mediaType": "text/csv",
        "format": "csv",
        "description": "Mock data for demonstration purposes.",
        "title": "Data-Adult Asthma Prevalence 1945 to 1999",
        "%Ref:downloadURL": [
          {
            "identifier": "26b78330a581458b59bf25b434b5ea56__1600709122__source",
            "data": {
              "filePath": "http://h-o.st/sites/default/files/distribution/95f8eac4-fd1f-4b35-8472-5c87e9425dfa/asthma-prevalence-adults-by-year-1945-to-1999.csv",
              "identifier": "26b78330a581458b59bf25b434b5ea56",
              "mimeType": "text/csv",
              "perspective": "source",
              "version": "1600709122"
            }
          }
        ]
      }
    },
    {
      "identifier": "2a6924b6-f8bb-5c85-93d8-1744fa1e2093",
      "data": {
        "@type": "dcat:Distribution",
        "downloadURL": "http://dkan.localtest.me/sites/default/files/distribution/95f8eac4-fd1f-4b35-8472-5c87e9425dfa/asthma-prevalence-adults-by-year-2000-to-2020.csv",
        "mediaType": "text/csv",
        "format": "csv",
        "description": "Mock data for demonstration purposes.",
        "title": "Data-Adult Asthma Prevalence 2000 to 2020",
        "%Ref:downloadURL": [
          {
            "identifier": "37b4a12f517e8f19b39e45d185cb26cc__1600709122__source",
            "data": {
              "filePath": "http://h-o.st/sites/default/files/distribution/95f8eac4-fd1f-4b35-8472-5c87e9425dfa/asthma-prevalence-adults-by-year-2000-to-2020.csv",
              "identifier": "37b4a12f517e8f19b39e45d185cb26cc",
              "mimeType": "text/csv",
              "perspective": "source",
              "version": "1600709122"
            }
          }
        ]
      }
    },
    {
      "identifier": "18665dfe-b31e-5ccf-9325-97c9833c6804",
      "data": {
        "@type": "dcat:Distribution",
        "downloadURL": "http://dkan.localtest.me/sites/default/files/distribution/95f8eac4-fd1f-4b35-8472-5c87e9425dfa/lifetime-asthma-prevalence-by-county_data-dictionary.xlsx",
        "mediaType": "application/vnd.openxmlformats-officedocument.spreadsheetml.sheet",
        "format": "xlsx",
        "title": "Data Dictionary Data-Lifetime Asthma Prevalence",
        "%Ref:downloadURL": [
          {
            "identifier": "6aec2388ca0bb4d8e70bab84f4e0bac2__1600709122__source",
            "data": {
              "filePath": "http://h-o.st/sites/default/files/distribution/95f8eac4-fd1f-4b35-8472-5c87e9425dfa/lifetime-asthma-prevalence-by-county_data-dictionary.xlsx",
              "identifier": "6aec2388ca0bb4d8e70bab84f4e0bac2",
              "mimeType": "application/vnd.openxmlformats-officedocument.spreadsheetml.sheet",
              "perspective": "source",
              "version": "1600709122"
            }
          }
        ]
      }
    }
  ],
  "identifier": "95f8eac4-fd1f-4b35-8472-5c87e9425dfa",
  "issued": "2017-08-01",
  "keyword": [
    {
      "identifier": "2d2fb90b-c0d3-5292-b2fe-68a13e42c76f",
      "data": "health"
    },
    {
      "identifier": "5f0f72cb-fd04-5f13-8a3a-44aaae62b165",
      "data": "asthma"
    }
  ],
  "license": "http://opendefinition.org/licenses/odc-odbl/",
  "modified": "2019-06-06",
  "publisher": {
    "identifier": "806cb23a-6c56-532a-ae96-b27cf7499090",
    "data": {
      "@type": "org:Organization",
      "name": "National Health Council"
    }
  },
  "theme": [
    {
      "identifier": "ebea68c6-14b5-5a68-ac94-955e69666ad7",
      "data": "Health Care"
    }
  ],
  "temporal": "1995-01-01T05:00:00+00:00/2017-12-31T05:00:00+00:00",
  "title": "Asthma Prevalence"
}
