[
  {
    "name": "State Economic Council",
    "description": "The State Economic Council is responsible for increasing economic development of the state by collecting statistics and performing analysis on the labor force, workforce and employer demographics, generational trends, etc.",
    "searchUrl":"/search/?publisher__name=State Economic Council"
  },
  {
    "name": "National Health Council",
    "imageUrl": "https://dkan-default-content-files.s3.amazonaws.com/files/publishers/clipboard.png",
    "description": "National Health Council is a working group that performs research and prepares reports to inform treatment and prevention programs nationally.",
    "searchUrl":"/search/?publisher__name=National Health Council"
  },
  {
    "name": "Committee on International Affairs",
    "imageUrl": "https://dkan-default-content-files.s3.amazonaws.com/files/publishers/map.png",
    "description": "The Committee on International Affairs is a working group to identify opportunities to learn from and collaborate with government and organizations across the globe.",
    "searchUrl":"/search/?publisher__name=Committee on International Affairs"
  }
]
