{"total":"10","results":{"dkan_dataset\/c9e2d352-e24c-4051-9158-f48127aa5692":{"@type":"dcat:Dataset","accessLevel":"public","contactPoint":{"fn":"Gray, Stefanie","hasEmail":"mailto:datademo@example.com"},"description":"\u003Cp\u003EThis data created by the National Democratic Institute (NDI) in partnership with Development Seed, a Washington, D.C.-based online communications consultancy, is designed to make data from the August 20, 2009, Afghanistan presidential election accessible and transparent. We have provided this csv file as there is no download for the whole dataset. There are many more files on the website.\u003C\/p\u003E\n","distribution":[{"@type":"dcat:Distribution","downloadURL":"http:\/\/demo.getdkan.org\/sites\/default\/files\/distribution\/c9e2d352-e24c-4051-9158-f48127aa5692\/district_centerpoints_0.csv","mediaType":"text\/csv","format":"csv","description":"\u003Cp\u003EYou can see this data plotted on a map, by clicking on \u0027Map\u0027 below. Individual data records can be seen by clicking on each point.\u003C\/p\u003E\n","title":"District Names"}],"identifier":"c9e2d352-e24c-4051-9158-f48127aa5692","issued":"2012-10-30","keyword":["country-afghanistan","election","politics","transparency"],"modified":"2019-06-06","publisher":{"@type":"org:Organization","name":"Committee on International Affairs"},"theme":["City Planning"],"spatial":"POLYGON ((60.8642578125 29.878755346038, 61.787109375 30.977609093349, 61.7431640625 31.391157522825, 60.7763671875 31.653381399664, 60.8642578125 32.361403315275, 60.556640625 33.137551192346, 60.908203125 33.578014746144, 60.5126953125 33.614619292334, 60.5126953125 34.307143856288, 60.8642578125 34.343436068483, 61.3037109375 35.603718740697, 62.666015625 35.353216101238, 64.5556640625 36.421282443649, 64.86328125 37.195330582801, 65.654296875 37.195330582801, 65.654296875 37.474858084971, 67.9833984375 37.055177106661, 68.7744140625 37.265309955619, 69.345703125 37.125286284967, 69.697265625 37.683820326694, 70.3125 37.683820326694, 70.3125 38.065392351332, 71.0595703125 38.582526159353, 71.279296875 37.78808138412, 71.7626953125 37.926867601481, 71.4990234375 37.405073750177, 71.630859375 36.738884124394, 73.3447265625 37.474858084971, 73.7841796875 37.474858084971, 73.7841796875 37.265309955619, 74.7509765625 37.335224359306, 74.9267578125 37.160316546737, 74.1357421875 36.809284702059, 72.9931640625 36.949891786813, 71.54296875 36.315125147481, 71.2353515625 36.066862132579, 71.5869140625 35.460669951495, 71.54296875 34.813803317113, 71.103515625 34.560859367084, 71.1474609375 34.08906131585, 70.3125 33.979808728725, 69.873046875 33.979808728725, 70.2685546875 33.321348526699, 69.345703125 32.916485347314, 69.2578125 32.324275588877, 69.1259765625 31.802892586707, 68.7744140625 31.578535426473, 68.0712890625 31.802892586707, 67.67578125 31.615965936476, 67.8515625 31.353636941501, 67.4560546875 31.278550858947, 67.0166015625 31.278550858947, 66.4892578125 30.939924331023, 66.2255859375 30.334953881989, 66.357421875 29.91685223307, 65.0390625 29.535229562948, 64.248046875 29.611670115197, 64.2041015625 29.420460341013, 63.4130859375 29.458731185355, 62.6220703125 29.420460341013))","title":"Afghanistan Election Districts"},"dkan_dataset\/cedcd327-4e5d-43f9-8eb1-c11850fa7c55":{"@type":"dcat:Dataset","accessLevel":"public","contactPoint":{"fn":"admin","hasEmail":"mailto:noemailprovided@usa.gov"},"description":"\u003Cp\u003EData on bike lanes in Florida.\u003C\/p\u003E\n","distribution":[{"@type":"dcat:Distribution","downloadURL":"http:\/\/demo.getdkan.org\/sites\/default\/files\/distribution\/cedcd327-4e5d-43f9-8eb1-c11850fa7c55\/Bike_Lane.csv","mediaType":"text\/csv","format":"csv","title":"Florida Bike Lanes"}],"identifier":"cedcd327-4e5d-43f9-8eb1-c11850fa7c55","issued":"2016-06-22","modified":"2019-06-06","publisher":{"@type":"org:Organization","name":"State Economic Council"},"theme":["Transportation","City Planning"],"title":"Florida Bike Lanes ","keyword":["hello","goodbye","yep","blah"]},"dkan_dataset\/d460252e-d42c-474a-9ea9-5287b1d595f6":{"@type":"dcat:Dataset","accessLevel":"public","contactPoint":{"fn":"Gray, Stefanie","hasEmail":"mailto:datademo@example.com"},"description":"\u003Cp\u003E\u003Cstrong\u003ESource:\u003C\/strong\u003E FBI Uniform Crime Report, 2014 (\u003Ca href=\u0022https:\/\/www.fbi.gov\/about-us\/cjis\/ucr\/ucr\u0022\u003Ehttps:\/\/www.fbi.gov\/about-us\/cjis\/ucr\/ucr\u003C\/a\u003E)\u003C\/p\u003E\n\u003Cp\u003EData is split into two categories:\u003C\/p\u003E\n\u003Cp\u003E\u003Cstrong\u003EViolent Crime:\u003C\/strong\u003E Includes aggravated assault, murder, rape and robbery.\u003Cbr \/\u003E\u003Cstrong\u003EProperty Crime:\u003C\/strong\u003E Includes arson, burglary, larceny-theft and motor vehicle theft.\u003C\/p\u003E\n\u003Cp\u003E\u003Cstrong\u003ETop 10 Most Populous U.S. Cities:\u003C\/strong\u003E\u003C\/p\u003E\n\u003Col\u003E\u003Cli\u003ENew York, NY\u003C\/li\u003E\n\u003Cli\u003ELos Angeles, CA\u003C\/li\u003E\n\u003Cli\u003EChicago, IL\u003C\/li\u003E\n\u003Cli\u003EHouston, TX\u003C\/li\u003E\n\u003Cli\u003EPhiladelphia, PA\u003C\/li\u003E\n\u003Cli\u003ELas Vegas, NV\u003C\/li\u003E\n\u003Cli\u003EPhoenix, AZ\u003C\/li\u003E\n\u003Cli\u003ESan Antonio, TX\u003C\/li\u003E\n\u003Cli\u003ESan Diego, TX\u003C\/li\u003E\n\u003Cli\u003EDallas, TX\u003C\/li\u003E\n\u003C\/ol\u003E\u003Cp\u003E\u003Cstrong\u003ERelated Data Dashboard: \u003C\/strong\u003E\u003Ca href=\u0022\/crime-americas-top-10-most-populous-cities\u0022\u003ECrime in America\u0027s Top 10 Most Populous Cities\u003C\/a\u003E\u003C\/p\u003E\n","distribution":[{"@type":"dcat:Distribution","downloadURL":"http:\/\/demo.getdkan.org\/sites\/default\/files\/distribution\/d460252e-d42c-474a-9ea9-5287b1d595f6\/ViolentCrimeRates.csv","mediaType":"text\/csv","format":"csv","description":"\u003Cp\u003ESource: FBI Uniform Crime Report, 2014 (\u003Ca href=\u0022https:\/\/www.fbi.gov\/about-us\/cjis\/ucr\/ucr\u0022\u003Ehttps:\/\/www.fbi.gov\/about-us\/cjis\/ucr\/ucr\u003C\/a\u003E)\u003C\/p\u003E\n\u003Cp\u003EIncludes information on the frequency of violent crimes in general, murder and non-negligent manslaughter, aggravated assault, rape and robbery. All crime rates are per 100,000 people.\u003C\/p\u003E\n","title":"Violent Crime Data for the Ten Most Populous Cities in the U.S."},{"@type":"dcat:Distribution","downloadURL":"http:\/\/demo.getdkan.org\/sites\/default\/files\/distribution\/d460252e-d42c-474a-9ea9-5287b1d595f6\/PropertyCrimesByCity_3.csv","mediaType":"text\/csv","format":"csv","title":"Property Crime Statistics by City"},{"@type":"dcat:Distribution","downloadURL":"http:\/\/demo.getdkan.org\/sites\/default\/files\/distribution\/d460252e-d42c-474a-9ea9-5287b1d595f6\/PropertyCrimeRates_1.csv","mediaType":"text\/csv","format":"csv","description":"\u003Cp\u003ESource: FBI Uniform Crime Report, 2014 (\u003Ca href=\u0022https:\/\/www.fbi.gov\/about-us\/cjis\/ucr\/ucr\u0022\u003Ehttps:\/\/www.fbi.gov\/about-us\/cjis\/ucr\/ucr\u003C\/a\u003E)\u003C\/p\u003E\n","title":"Property Crime Rates for 10 Most Populous US Cities (2015)"},{"@type":"dcat:Distribution","downloadURL":"http:\/\/demo.getdkan.org\/sites\/default\/files\/distribution\/d460252e-d42c-474a-9ea9-5287b1d595f6\/NumbersByCity.csv","mediaType":"text\/csv","format":"csv","title":"Violent Crime Statistics by City "}],"identifier":"d460252e-d42c-474a-9ea9-5287b1d595f6","issued":"2016-04-20","keyword":["crime","public safety"],"modified":"2019-06-06","publisher":{"@type":"org:Organization","name":"State Economic Council"},"spatial":"POLYGON ((-129.7265625 24.046463999667, -129.7265625 51.835777520452, -65.390625 51.835777520452, -65.390625 24.046463999667))","temporal":"2014-01-01T05:00:00+00:00\/2014-01-01T05:00:00+00:00","theme":["Public Safety"],"title":"Crime Data for the Ten Most Populous Cities in the U.S."},"dkan_dataset\/e1f2ebcd-ee23-454f-87b5-df0306658418":{"@type":"dcat:Dataset","accessLevel":"public","contactPoint":{"fn":"CDC INFO","hasEmail":"mailto:cdcinfo@cdc.gov"},"description":"\u003Cp\u003ECenters for Disease Control and Prevention data regarding varicella (chickenpox) virus incidence and mortality rates.\u003C\/p\u003E\n\u003Cp\u003E\u003Cstrong\u003ESource:\u003C\/strong\u003E \u003Ca href=\u0022https:\/\/data.cdc.gov\/NNDSS\/NNDSS-Table-II-Varicella-to-West-Nile-virus-diseas\/ig4m-ub43\u0022\u003Ehttps:\/\/data.cdc.gov\/NNDSS\/NNDSS-Table-II-Varicella-to-West-Nile-virus-d...\u003C\/a\u003E\u003C\/p\u003E\n\u003Cp\u003E\u003Cstrong\u003ERelated Data Story: \u003C\/strong\u003E\u003Ca href=\u0022\/story\/end-chickenpox-varicella-vaccines-success-story\u0022\u003EAn End to Chickenpox: The Varicella Vaccine\u0027s Success Story\u003C\/a\u003E\u003C\/p\u003E\n","distribution":[{"@type":"dcat:Distribution","downloadURL":"http:\/\/demo.getdkan.org\/sites\/default\/files\/distribution\/e1f2ebcd-ee23-454f-87b5-df0306658418\/postvaccinedeaths_0_0.csv","mediaType":"text\/csv","format":"csv","description":"\u003Cp\u003ESource: \u0022Near elimination of varicella deaths in the US after implementation of the vaccination program.\u0022 published in the American Journal of Pediatrics in August 2011.\u003C\/p\u003E\n","title":" Varicella Mortality by Age Group, 1995-2009"},{"@type":"dcat:Distribution","downloadURL":"http:\/\/demo.getdkan.org\/sites\/default\/files\/distribution\/e1f2ebcd-ee23-454f-87b5-df0306658418\/varicelladeaths1970_1994.csv","mediaType":"text\/csv","format":"csv","description":"\u003Cp\u003ESource: Centers for Disease Control and Prevention in Atlanta, Georgia. \u201cVaricella Mortality: Trends before Vaccine Licensure in the United States, 1970\u20131994\u201d published August 2000 in the Journal of Infectious Diseases.\u003C\/p\u003E\n","title":"Varicella Mortality by Age Group, 1970-1994"},{"@type":"dcat:Distribution","downloadURL":"http:\/\/demo.getdkan.org\/sites\/default\/files\/distribution\/e1f2ebcd-ee23-454f-87b5-df0306658418\/varicellaincidencerates_0.csv","mediaType":"text\/csv","format":"csv","description":"\u003Cp\u003ESource: \u0022Impact of Vaccination on the Epidemiology of Varicella: 1995\u20132009\u0022 published in the journal Pediatrics in August 2011.\u003C\/p\u003E\n","title":"Varicella Incidence Rates After Vaccine Introduced in U.S., 1995-2009"}],"identifier":"e1f2ebcd-ee23-454f-87b5-df0306658418","issued":"2016-04-06","keyword":["health"],"modified":"2019-06-06","publisher":{"@type":"org:Organization","name":"Advisory Council for Infectious Disease"},"spatial":"POLYGON ((-128.056640625 24.206889622398, -128.056640625 50.176898122001, -64.775390625 50.176898122001, -64.775390625 24.206889622398))","theme":["Health Care"],"title":"Varicella (Chickenpox) Incidence and Mortality, Before and After the Vaccine"},"dkan_dataset\/fb3525f2-d32a-451e-8869-906ed41f7695":{"@type":"dcat:Dataset","accessLevel":"public","contactPoint":{"fn":"Gray, Stefanie","hasEmail":"mailto:datademo@example.com"},"description":"\u003Cp\u003EDeprivation is measured across seven different areas or domains - income, employment, health, education, living environment, crime and barriers to services using a wide range of indicators, and the methods used show how each area compares with other areas across England using a combination of all these indicators.\u003C\/p\u003E\n\u003Cp\u003EAs stated by The Guardian, \u0022the data is based on a close analysis of the UK government\u0027s Indices of Multiple Deprivation - which measures relative poverty across England \u2013 by Alasdair Rae at the University of Sheffield.\u0022 (\u003Ca href=\u0022https:\/\/www.theguardian.com\/uk\/datablog\/2012\/apr\/12\/deprivation-poverty-london\u0022\u003ESource\u003C\/a\u003E)\u003C\/p\u003E\n\u003Cp\u003E\u003Cstrong\u003ESource:\u003C\/strong\u003E \u003Ca href=\u0022https:\/\/data.london.gov.uk\/dataset\/indices-of-deprivation-2015\u0022\u003Ehttps:\/\/data.london.gov.uk\/dataset\/indices-of-deprivation-2015\u003C\/a\u003E\u003C\/p\u003E\n\u003Cp\u003E\u003Cstrong\u003ERelated Data Story: \u003C\/strong\u003E\u003Ca href=\u0022\/story\/london-income-analysis\u0022\u003ELondon Income Analysis\u003C\/a\u003E\u003C\/p\u003E\n","distribution":[{"@type":"dcat:Distribution","downloadURL":"http:\/\/demo.getdkan.org\/sites\/default\/files\/distribution\/fb3525f2-d32a-451e-8869-906ed41f7695\/IMD-MAPS.zip","mediaType":"application\/zip","format":"zip","title":"English Indices of Deprivation 2010"}],"identifier":"fb3525f2-d32a-451e-8869-906ed41f7695","issued":"2016-04-21","keyword":["demographics","economy","spatial data","United Kingdom"],"modified":"2019-06-06","publisher":{"@type":"org:Organization","name":"Committee on International Affairs"},"references":["http:\/\/www.lfpress.com\/2016\/05\/13\/expert-panel-says-londons-living-wage-is-1553h-londoners-need-30284-to-meet-basic-needs"],"spatial":"POLYGON ((-1.1178588867187 51.08282186161, -1.1178588867187 51.859531509855, 1.1178588867187 51.859531509855, 1.1178588867187 51.08282186161))","theme":["Finance and Budgeting"],"title":"London Deprivation Index"}}}