{"facets":[{"type":"theme","name":"Transportation","total":"0"},{"type":"theme","name":"City Planning","total":"0"},{"type":"theme","name":"Finance and Budgeting","total":"1"},{"type":"theme","name":"Public Safety","total":"0"},{"type":"theme","name":"Health Care","total":"0"},{"type":"keyword","name":"hello","total":"0"},{"type":"keyword","name":"goodbye","total":"0"},{"type":"keyword","name":"yep","total":"0"},{"type":"keyword","name":"blah","total":"0"},{"type":"keyword","name":"demographics","total":"1"},{"type":"keyword","name":"economy","total":"1"},{"type":"keyword","name":"spatial data","total":"1"},{"type":"keyword","name":"United Kingdom","total":"1"},{"type":"keyword","name":"crime","total":"0"},{"type":"keyword","name":"public safety","total":"0"},{"type":"keyword","name":"socioeconomic","total":"0"},{"type":"keyword","name":"workforce","total":"0"},{"type":"keyword","name":"health","total":"0"},{"type":"keyword","name":"election","total":"0"},{"type":"keyword","name":"politics","total":"0"},{"type":"keyword","name":"transparency","total":"0"},{"type":"keyword","name":"price","total":"0"},{"type":"keyword","name":"time-series","total":"0"},{"type":"keyword","name":"country-afghanistan","total":"0"},{"type":"publisher__name","name":"State Economic Council","total":"0"},{"type":"publisher__name","name":"Committee on International Affairs","total":"1"},{"type":"publisher__name","name":"Advisory Council for Infectious Disease","total":"0"}]}